id,tags,prePoint,postPoint,teachingObjective,relatedPoint,cognition,name,content
6.1,难点,6,6.2,介绍项目管理的基本概念、发展历程及其在软件开发中的应用，帮助学生理解项目管理的重要性。,,理解运用,软件项目管理概述,所谓软件项目管理就是为了使软件项目能够按照预定的成本、进度、质量顺利完成，而对人员（People）、产品（Product）、过程（Process）和项目(Project)进行分析和管理的活动。软件项目管理先于任何技术活动之前开始，并且贯穿于软件的整个生命周期。
6.2,难点,6.1,6.3,学习软件度量的基本方法和度量指标，能够应用度量工具评估软件项目的进展与质量。,,理解运用,软件度量的基本概念,度量（software measurement）是对软件开发项目、过程及其产品进行数据定义、收集以及分析的持续性定量化过程。目的在于对此加以理解、预测、评估、控制和改善。没有软件度量，就不能从软件开发的暗箱中跳将出来。通过软件度量可以改进软件开发过程，促进项目成功，开发高质量的软件产品。度量取向是软件开发诸多事项的横断面，包括顾客满意度度量、质量度量、项目度量、以及品牌资产度量、知识产权价值度量，等等。度量取向要依靠事实、数据、原理、法则；其方法是测试、审核、调查；其工具是统计、图表、数字、模型；其标准是量化的指标。
6.3,难点,6.2,6.4,掌握软件项目估算和进度安排的基本方法，能够合理估算项目时间和资源需求。,,理解运用,项目估算与进度安排,估算与项目进度安排是软件工程中的关键过程，涉及对项目所需工作量、成本和时间进行预测，并制定详细的计划来指导项目执行。这包括定义项目范围、评估资源需求、确定任务顺序、分配工作负载，并创建时间表来监控项目进度，确保项目按时完成。
6.4,重点,6.3,6.5,理解软件项目中的风险识别与管理方法，学会分析和应对项目中的潜在风险。,6.3,记忆,软件项目风险管理,软件项目风险管理是软件项目管理的重要内容。在进行软件项目风险管理时，要辩识风险，评估它们出现的概率及产生的影响，然后建立一个规划来管理风险。风险管理的主要目标是预防风险。 软件项目风险是指在软件开发过程中遇到的预算和进度等方面的问题以及这些问题对软件项目的影响。软件项目风险会影响项目计划的实现，如果项目风险变成现实，就有可能影响项目的进度，增加项目的成本，甚至使软件项目不能实现。
6.5,难点,6.4,6.6,学习软件质量的各项属性，理解如何评估和优化软件的质量特性。,6.4,理解运用,软件质量属性,质量属性（quality attribute）反映软件产品某一方面质量的特征或特性。如可靠性、安全性、易用性等。（1）性能（Performance）效率指标，是指系统的响应能力，处理任务所需时间或单位时间内的处理量。（2）可靠性（Reliability）是指软件系统在应用或错误面前，在意外或错误使用的情况下维持软件系统功能特性的基本能力。（2.1）容错（Fault-tolerant）出现错误后仍能保证系统系统继续运行，且自行修正错误。（2.2）健壮性（Robustness）是指在处理或环境中，系统能够承受压力或变更的能力，错误不对系统产生影响，按既定程序忽略错误。（3）可用性（Availability）是系统能够正常运行的时间比例。（4）安全性（Security）是指系统向合法用户提供服务的同时能够阻止非授权用户使用的企图或拒绝服务的能力。（5）可修改性（Modification）是指能够快速地以较高的性能价格比对系统进行变更的能力。（5.1）可维护性（Maintainability）局部修复使故障对架构的负面影响最小化。（5.2）可拓展性（Extendibility）因松散耦合更易实现新特征/功能，不影响架构。（5.3）可移植性（Portability）适用于多样的环境（硬件平台、语言、操作系统）。（5.4）结构重组（Reconstructability）不影响主体进行的灵活配置。（6）可变性（Changeability）总体架构可变，体系结构经扩充或变更成为新体系结构的能力。（7）功能性（Functionality）需求的满足程度，是系统所能完成所期望工作的能力。（8）互操作性（Inter-operation）是指系统与外界或系统与系统之间的相互作用能力，通过可视化或接口方式提供更好的交互操作体验。（9）易用性（Usability）是衡量用户使用一个软件产品完成指定任务的难易程度。（10）可测试性（Testability）是指软件发现故障并隔离、定位其故障的能力特性，以及在一定的时间和成本前提下，进行测试设计、测试执行的能力。
6.6,重点,6.5,6.7,掌握软件质量控制的过程和方法，能够在软件开发过程中进行有效的质量管理。,6.5,记忆,软件质量控制过程,软件质量控制过程是一系列旨在确保软件产品满足既定质量标准和用户需求的活动，包括规划、实施质量保证措施、进行质量检测和评估、以及采取必要的纠正措施，以持续改进软件质量。
6.7,重点,6.6,6.8,了解软件质量评审的目的、过程及其方法，能够组织并执行有效的质量评审活动。,6.6,记忆,软件质量评审,在软件生命周期内，软件评审是一个关键的质量保证活动，它涉及对软件各个阶段的成果进行系统性的检查和分析。这些评审包括需求评审、功能评审、质量评审、成本评审和维护评审等，旨在确保软件满足既定标准和用户需求。评审通常由需求部门、技术部门、质量控制部门和产品部门等跨部门团队组织进行，以确保全面性和客观性。评审结果会形成具体的评审报告，为项目的持续改进和决策提供依据。
6.8,重点,6.7,,学习软件配置管理的基本概念和流程，能够在软件项目中进行有效的配置管理。,6.7,记忆,软件配置管理,软件配置管理（Software Configuration Management，SCM）是指在开发过程中各阶段，管理计算机程序演变的学科，它作为软件工程的关键元素，涵盖了软件生命周期所有领域并影响所有数据和过程。SCM提供了结构化的、有序化的、产品化的管理软件开发的方法，它是对产品进行标识、存储和控制，以维护其完整性、可追溯性以及正确性的学科。
6.6.1,重点,6.1、6.2,6.6.2,介绍软件质量控制的基本概念与重要性。、帮助学生理解质量控制在软件开发生命周期中的作用。,6.6.3、6.6.4,记忆,软件质量控制的重要性,软件质量控制过程旨在确保软件在开发过程中始终满足预定的质量标准和要求，避免缺陷进入产品并确保最终交付的质量。质量控制不仅包括测试，还包括验证和评审等活动。
6.6.2,重点,6.6.1,6.6.3,讲解软件质量控制过程中常用的活动和方法。、帮助学生理解如何应用不同的方法和工具来进行质量控制。,6.7、6.8,记忆,质量控制活动与方法,质量控制活动包括测试、代码审查、静态分析、性能评估等方法。这些方法的目的是检测缺陷、提高代码质量、评估软件的各项性能指标并确保最终产品符合质量要求。
6.6.3,难点,6.6.2,6.6.4,解释缺陷管理在软件质量控制中的重要性。、帮助学生掌握缺陷管理的基本流程和工具使用。,6.6.2、6.9,理解运用,缺陷管理的重要性,缺陷管理包括缺陷的记录、分析、跟踪和修复。在软件质量控制中，缺陷管理能够帮助团队及时发现并修复潜在问题，避免缺陷对项目进度和质量的负面影响。
6.6.4,难点,6.6.3,6.7,讲解常用的质量控制工具和技术。、帮助学生掌握如何使用自动化工具提高质量控制效率。,6.6.2、6.6.5,理解运用,质量控制工具与技术,常见的质量控制工具包括静态代码分析工具、单元测试框架、集成测试工具和性能测试工具。这些工具能够帮助开发团队高效地检测问题并确保质量。
6.7.1,重点,6.1、6.6,6.7.2,介绍软件质量评审的基本概念和目的。、帮助学生理解质量评审在软件开发过程中的作用。,6.7.3、6.7.4,记忆,软件质量评审的目的,软件质量评审是通过团队成员的集体讨论与检查，以发现潜在问题并改进软件质量的过程。它可以在项目的各个阶段进行，包括需求、设计、编码和测试阶段。
6.7.2,重点,6.7.1,6.7.3,讲解不同类型的质量评审及其适用场景。、帮助学生理解如何根据项目需求选择合适的评审方式。,6.7.4、6.8,记忆,质量评审类型,质量评审主要包括同行评审（Peer Review）、管理评审（Management Review）、设计评审（Design Review）等。每种评审方式适用于不同的项目阶段和目标。
6.7.3,难点,6.7.2,6.7.4,讲解软件质量评审的基本流程。、帮助学生掌握质量评审的具体实施步骤和最佳实践。,6.8、6.9,理解运用,质量评审流程,质量评审的流程通常包括准备阶段、评审会议、评审报告的撰写以及后续跟踪。有效的质量评审流程有助于及时发现问题并进行改进。
6.7.4,难点,6.7.3,6.7.5,介绍如何通过质量评审发现软件中的问题。、帮助学生掌握通过评审提高软件质量的技巧。,6.7.2、6.8,理解运用,通过评审发现软件问题,在质量评审过程中，评审团队应重点关注软件的缺陷、潜在风险以及改进的空间。评审的目标是确保软件符合质量标准并优化开发过程。
6.8.1,重点,6.1、6.7,6.8.2,介绍软件配置管理的基本概念和目的。、帮助学生理解配置管理在软件开发生命周期中的重要性。,6.8.3、6.8.4,记忆,软件配置管理的概念,软件配置管理（SCM）是指对软件项目的所有配置项（如代码、文档、工具等）进行管理，以确保项目的正确性和一致性。配置管理不仅包括版本控制，还涉及变更控制、构建管理等内容。
6.8.2,重点,6.8.1,6.8.3,讲解配置管理中的关键概念，如配置项、版本控制、变更控制等。、帮助学生理解如何应用这些概念来有效管理软件项目的配置。,6.8.4、6.9,记忆,配置管理关键概念,配置管理涉及多个关键概念，包括配置项（如源代码、文档等）、版本控制（如Git）、变更控制（如通过变更请求来管理软件的修改）等。这些概念为软件项目的有效管理提供了基础。
6.8.3,难点,6.8.2,6.8.4,介绍版本控制系统的工作原理与应用。、帮助学生掌握如何使用版本控制工具进行代码管理。,6.9、6.10,理解运用,版本控制系统,版本控制系统（VCS）用于跟踪和管理源代码的历史变化。常见的版本控制工具包括Git、SVN等。通过版本控制，开发团队可以管理不同版本的代码、追踪修改、合并多个开发分支等。
6.8.4,难点,6.8.3,6.9,讲解如何实施配置管理，及常见的配置管理工具。、帮助学生理解如何选择并使用合适的工具来支持配置管理活动。,6.8.2、6.10,理解运用,配置管理实施与工具,配置管理的实施包括确定配置项、建立版本控制流程、使用变更管理工具等。常见的配置管理工具有Git、Jenkins、Ansible等，这些工具能够帮助开发团队自动化配置管理过程，提高工作效率和准确性。
6.5.1,重点,6.1、6.4,6.5.2,介绍软件质量属性的基本概念和重要性。、帮助学生理解软件质量属性在软件开发中的作用。,6.5.3、6.5.4,记忆,软件质量属性概述,软件质量属性是指软件在非功能性需求方面的表现，如性能、可用性、可维护性、安全性等。软件质量属性通常影响用户体验和系统的长期可维护性，开发团队需要确保在设计和开发过程中考虑到这些属性。
6.5.2,重点,6.5.1,6.5.3,列举并介绍常见的质量属性。、帮助学生理解每个质量属性如何影响软件的整体质量。,6.6、6.7,记忆,常见质量属性,常见的软件质量属性包括：性能、可用性、可维护性、安全性、兼容性、可扩展性等。每个质量属性都有其特定的定义和衡量标准，开发团队在项目中需要根据需求选择并优化这些属性。
6.5.3,难点,6.5.2,6.5.4,深入讲解性能与可扩展性在软件中的应用。、帮助学生理解如何优化软件的性能并设计具有良好可扩展性的系统。,6.6、6.8,理解运用,性能与可扩展性,性能通常指软件系统在特定条件下执行任务的速度和响应能力，而可扩展性则指软件系统能够有效支持负载增长的能力。性能和可扩展性是高度相关的，性能优化需要在保证系统可扩展性的前提下进行。
6.5.4,难点,6.5.3,6.5.5,讲解安全性和可靠性对软件质量的影响。、帮助学生理解如何在设计中考虑安全性和可靠性，并进行有效的管理与控制。,6.7、6.8,理解运用,安全性与可靠性,安全性指软件能够防范外部攻击和数据泄露的能力，可靠性指系统在长期运行中的稳定性和错误恢复能力。这两个属性对于保证软件的长期稳定性和用户信任至关重要，尤其是在高风险环境下。
6.4.1,重点,6.1、6.3,6.4.2,介绍软件风险管理的基本概念和重要性。、帮助学生理解软件项目中风险管理的核心作用。,6.4.3、6.4.4,记忆,软件风险管理,软件风险管理是指识别、评估、监控和应对软件开发过程中可能出现的风险，以确保项目能够顺利完成。有效的风险管理可以帮助减少项目失败的可能性，并提高项目成功的概率。
6.4.2,重点,6.4.1,6.4.3,讲解如何识别和评估软件项目中的风险。、帮助学生掌握风险识别的方法和工具，学习如何进行风险评估。,6.4.4、6.5,记忆,风险识别与评估,风险识别是指通过对项目的各个方面进行审视，发现潜在的风险因素。风险评估则是对识别出的风险进行分析和评估，确定其发生的可能性和潜在影响，从而为应对策略提供依据。
6.4.3,难点,6.4.2,6.4.4,讲解常见的风险应对策略，如规避、转移、减轻和接受。、帮助学生掌握如何制定应对策略以最大限度地降低风险对项目的影响。,6.5、6.7,理解运用,风险应对策略,风险应对策略包括：规避风险（改变项目计划以避免风险发生）、转移风险（将风险转嫁给第三方）、减轻风险（采取措施降低风险发生的概率和影响）、接受风险（接受风险并制定应对方案）。这些策略根据不同的风险类型和项目环境进行选择。
6.4.4,难点,6.4.3,6.5,讲解如何在项目实施过程中持续监控和管理风险。、帮助学生理解如何动态调整风险管理策略以应对项目过程中出现的新风险。,6.4.2、6.7,理解运用,风险监控与管理,风险监控是指在项目实施过程中，定期检查和跟踪风险的变化情况。风险管理则是根据新的信息和项目进展，动态调整应对策略和措施，以应对新的或变化的风险。有效的风险监控能够确保项目始终处于可控状态。
6.3.1,重点,6.1、6.2,6.3.2,介绍软件项目估算的基本概念和方法。、帮助学生理解如何进行准确的时间与资源估算。,6.3.3、6.3.4,记忆,软件项目估算,软件项目估算是指在项目开始之前，通过对任务和资源的评估，预测项目的成本、时间、工作量等重要指标。准确的估算对于项目的成功至关重要，能够帮助项目团队合理规划资源，控制进度与成本。
6.3.2,重点,6.3.1,6.3.3,介绍常见的项目估算方法，如专家判断法、类比估算法、参数化估算法等。、帮助学生理解每种方法的适用场景和优缺点。,6.3.4、6.5,记忆,项目估算方法,项目估算可以采用多种方法，如专家判断法（通过经验丰富的专家进行估算）、类比估算法（根据历史项目的数据进行估算）、参数化估算法（基于一些已知的参数进行估算）等。每种方法都有其适用的环境和限制，选择合适的估算方法是项目管理的重要步骤。
6.3.3,难点,6.3.2,6.3.4,讲解如何通过工作分解结构（WBS）制定项目进度安排。、帮助学生掌握如何将项目分解成更小的任务，进而合理安排项目进度。,6.3.4、6.6,理解运用,工作分解结构与进度安排,工作分解结构（WBS）是将项目的工作分解成多个小的、可管理的任务，从而帮助制定项目的进度安排。通过WBS，可以明确每个任务的工作量、所需时间和资源，进而形成详细的项目进度计划。WBS的构建是项目管理中至关重要的一步。
6.3.4,难点,6.3.3,6.4,讲解项目进度的控制与调整方法。、帮助学生理解如何在项目执行过程中对进度进行监控和调整。,6.5、6.7,理解运用,项目进度控制与调整,项目进度控制是确保项目按时交付的重要环节。通过进度跟踪与监控，项目经理可以识别进度偏差，及时采取措施进行调整。调整措施可能包括资源调配、任务优先级调整、工作方式优化等。
6.2.1,重点,6.1,6.2.2,介绍软件度量的基本概念和重要性。、帮助学生理解如何通过度量来评估软件质量和项目进度。,6.2.3、6.2.4,记忆,软件度量概述,软件度量是指对软件产品、过程和项目进行定量测量，以评估其质量、效率和进展。度量帮助开发团队量化软件的各个方面，并为决策提供依据，最终目的是改善软件开发过程。
6.2.2,重点,6.2.1,6.2.3,介绍常见的软件度量种类，如代码度量、过程度量和项目度量。、帮助学生理解如何选择适合的度量类型来衡量不同的开发活动和项目目标。,6.3、6.5,记忆,软件度量种类,软件度量可分为多种类型，包括：代码度量（如代码行数、复杂度）、过程度量（如开发周期、缺陷密度）和项目度量（如进度、成本）。每种度量类型侧重于不同的度量对象，应用时需要根据实际需求选择合适的度量指标。
6.2.3,难点,6.2.2,6.2.4,讲解如何选择合适的度量指标并将其应用到软件项目中。、帮助学生掌握如何结合项目的实际情况来设定有效的度量标准。,6.3、6.6,理解运用,度量指标选择,度量指标的选择要基于项目的目标和需求。例如，在评估软件质量时，可以选择缺陷密度、功能覆盖率等作为度量指标；在评估开发效率时，可以选择每人每月的功能点数等。选择度量指标时需要权衡其有效性、可获取性和项目的具体需求。
6.2.4,难点,6.2.3,6.3,讲解软件度量在实际应用中的挑战与常见问题。、帮助学生理解如何克服度量中可能遇到的困难，并优化度量过程。,6.4、6.7,理解运用,度量应用中的挑战,尽管软件度量对于项目管理和质量控制至关重要，但其应用也面临一些挑战。常见问题包括度量标准不一致、数据收集困难、度量的主观性和误差等。解决这些问题需要标准化度量过程、改进数据采集方法并确保度量指标的可靠性。
123,Important,101、102,201,This is a note or teaching objective for the knowledge point.,301、302,理解运用,知识点概述,This is a detailed description of the knowledge point.
